INSERT INTO L01_ESTADO VALUES('SP', 'Sao Paulo');
INSERT INTO L01_ESTADO VALUES('MG', 'Minas Gerais');

INSERT INTO L02_CIDADE VALUES('Sao Carlos', 'SP', 200000);
INSERT INTO L02_CIDADE VALUES('Jau', 'SP', 90000);
INSERT INTO L02_CIDADE VALUES('Varzinha', 'MG', 20000);
INSERT INTO L02_CIDADE VALUES('Belo Horizonte', 'MG', 1000000);

INSERT INTO L03_ZONA VALUES(1,0,'Sao Carlos', 'SP');
INSERT INTO L03_ZONA VALUES(2,0,'Sao Carlos', 'SP');
INSERT INTO L03_ZONA VALUES(3,0,'Sao Carlos', 'SP');

INSERT INTO L03_ZONA VALUES(4,0,'Jau', 'SP');
INSERT INTO L03_ZONA VALUES(5,0,'Jau', 'SP');
INSERT INTO L03_ZONA VALUES(6,0,'Jau', 'SP');

INSERT INTO L03_ZONA VALUES(7,0,'Varzinha', 'MG');
INSERT INTO L03_ZONA VALUES(8,0,'Varzinha', 'MG');
INSERT INTO L03_ZONA VALUES(9,0,'Varzinha', 'MG');

INSERT INTO L03_ZONA VALUES(10,0,'Belo Horizonte', 'MG');
INSERT INTO L03_ZONA VALUES(11,0,'Belo Horizonte', 'MG');
INSERT INTO L03_ZONA VALUES(12,0,'Belo Horizonte', 'MG');

INSERT INTO L04_BAIRRO VALUES('Retiro', 13000, 'Sao Carlos', 'SP', 1);
INSERT INTO L04_BAIRRO VALUES('Santana', 14000, 'Sao Carlos', 'SP', 2);
INSERT INTO L04_BAIRRO VALUES('Jacarezinho', 15000, 'Sao Carlos', 'SP', 3);

INSERT INTO L04_BAIRRO VALUES('Januario', 16000, 'Jau', 'SP', 4);
INSERT INTO L04_BAIRRO VALUES('Centro', 17000, 'Jau', 'SP', 5);
INSERT INTO L04_BAIRRO VALUES('Sao Jose', 18000, 'Jau', 'SP', 6);

INSERT INTO L04_BAIRRO VALUES('Realengo', 19000, 'Varzinha', 'MG', 7);
INSERT INTO L04_BAIRRO VALUES('Romao', 20000, 'Varzinha', 'MG', 8);
INSERT INTO L04_BAIRRO VALUES('Leblon', 21000, 'Varzinha', 'MG', 9);

INSERT INTO L04_BAIRRO VALUES('Copacabana', 22000, 'Belo Horizonte', 'MG', 10);
INSERT INTO L04_BAIRRO VALUES('Ipanema', 23000, 'Belo Horizonte', 'MG', 11);
INSERT INTO L04_BAIRRO VALUES('Cinelandia', 24000, 'Belo Horizonte', 'MG', 12);

INSERT INTO L05_URNA VALUES(1,'funcional',null);
INSERT INTO L05_URNA VALUES(2,'funcional',null);
INSERT INTO L05_URNA VALUES(3,'funcional',null);
INSERT INTO L05_URNA VALUES(4,'funcional',null);
INSERT INTO L05_URNA VALUES(5,'funcional',null);
INSERT INTO L05_URNA VALUES(6,'funcional',null);
INSERT INTO L05_URNA VALUES(7,'funcional',null);
INSERT INTO L05_URNA VALUES(8,'funcional',null);
INSERT INTO L05_URNA VALUES(9,'funcional',null);
INSERT INTO L05_URNA VALUES(10,'funcional',null);
INSERT INTO L05_URNA VALUES(11,'funcional',null);
INSERT INTO L05_URNA VALUES(12,'funcional',null);
INSERT INTO L05_URNA VALUES(13,'funcional',null);
INSERT INTO L05_URNA VALUES(14,'funcional',null);
INSERT INTO L05_URNA VALUES(15,'funcional',null);
INSERT INTO L05_URNA VALUES(16,'funcional',null);
INSERT INTO L05_URNA VALUES(17,'funcional',null);
INSERT INTO L05_URNA VALUES(18,'funcional',null);
INSERT INTO L05_URNA VALUES(19,'funcional',null);
INSERT INTO L05_URNA VALUES(20,'funcional',null);
INSERT INTO L05_URNA VALUES(21,'funcional',null);
INSERT INTO L05_URNA VALUES(22,'funcional',null);
INSERT INTO L05_URNA VALUES(23,'funcional',null);
INSERT INTO L05_URNA VALUES(24,'funcional',null);
INSERT INTO L05_URNA VALUES(25,'funcional',null);
INSERT INTO L05_URNA VALUES(26,'funcional',null);
INSERT INTO L05_URNA VALUES(27,'funcional',null);
INSERT INTO L05_URNA VALUES(28,'funcional',null);
INSERT INTO L05_URNA VALUES(29,'funcional',null);
INSERT INTO L05_URNA VALUES(30,'funcional',null);
INSERT INTO L05_URNA VALUES(31,'funcional',null);
INSERT INTO L05_URNA VALUES(32,'funcional',null);
INSERT INTO L05_URNA VALUES(33,'funcional',null);
INSERT INTO L05_URNA VALUES(34,'funcional',null);
INSERT INTO L05_URNA VALUES(35,'funcional',null);
INSERT INTO L05_URNA VALUES(36,'funcional',null);

INSERT INTO L06_SESSAO VALUES(1,1,1);
INSERT INTO L06_SESSAO VALUES(2,1,2);
INSERT INTO L06_SESSAO VALUES(3,1,3);
INSERT INTO L06_SESSAO VALUES(1,2,4);
INSERT INTO L06_SESSAO VALUES(2,2,5);
INSERT INTO L06_SESSAO VALUES(3,2,6);
INSERT INTO L06_SESSAO VALUES(1,3,7);
INSERT INTO L06_SESSAO VALUES(2,3,8);
INSERT INTO L06_SESSAO VALUES(3,3,9);
INSERT INTO L06_SESSAO VALUES(1,4,10);
INSERT INTO L06_SESSAO VALUES(2,4,11);
INSERT INTO L06_SESSAO VALUES(3,4,12);
INSERT INTO L06_SESSAO VALUES(1,5,13);
INSERT INTO L06_SESSAO VALUES(2,5,14);
INSERT INTO L06_SESSAO VALUES(3,5,15);
INSERT INTO L06_SESSAO VALUES(1,6,16);
INSERT INTO L06_SESSAO VALUES(2,6,17);
INSERT INTO L06_SESSAO VALUES(3,6,18);
INSERT INTO L06_SESSAO VALUES(1,7,19);
INSERT INTO L06_SESSAO VALUES(2,7,20);
INSERT INTO L06_SESSAO VALUES(3,7,21);
INSERT INTO L06_SESSAO VALUES(1,8,22);
INSERT INTO L06_SESSAO VALUES(2,8,23);
INSERT INTO L06_SESSAO VALUES(3,8,24);
INSERT INTO L06_SESSAO VALUES(1,9,25);
INSERT INTO L06_SESSAO VALUES(2,9,26);
INSERT INTO L06_SESSAO VALUES(3,9,27);
INSERT INTO L06_SESSAO VALUES(1,10,28);
INSERT INTO L06_SESSAO VALUES(2,10,29);
INSERT INTO L06_SESSAO VALUES(3,10,30);
INSERT INTO L06_SESSAO VALUES(1,11,31);
INSERT INTO L06_SESSAO VALUES(2,11,32);
INSERT INTO L06_SESSAO VALUES(3,11,33);
INSERT INTO L06_SESSAO VALUES(1,12,34);
INSERT INTO L06_SESSAO VALUES(2,12,35);
INSERT INTO L06_SESSAO VALUES(3,12,36);

INSERT INTO L07_PLEITO VALUES(1,2000,'Sao Carlos','SP',0);
INSERT INTO L07_PLEITO VALUES(2,2004,'Sao Carlos','SP',0);
INSERT INTO L07_PLEITO VALUES(3,2000,'Jau','SP',0);
INSERT INTO L07_PLEITO VALUES(4,2004,'Jau','SP',0);
INSERT INTO L07_PLEITO VALUES(5,2000,'Varzinha','MG',0);
INSERT INTO L07_PLEITO VALUES(6,2004,'Varzinha','MG',0);
INSERT INTO L07_PLEITO VALUES(7,2000,'Belo Horizonte','MG',0);
INSERT INTO L07_PLEITO VALUES(8,2004,'Belo Horizonte','MG',0);

INSERT INTO L08_PARTIDO VALUES('PT', 'Partido dos Tranbiqueiros');
INSERT INTO L08_PARTIDO VALUES('PS', 'Partido da Sinceridade');
INSERT INTO L08_PARTIDO VALUES('PL', 'Partido dos Ladroes');
INSERT INTO L08_PARTIDO VALUES('PC', 'Partido dos Corruptos');

INSERT INTO L09_CANDIDATO VALUES(1, 'especial', null, 'BRANCO', null, null, null);
INSERT INTO L09_CANDIDATO VALUES(2, 'especial', null, 'NULO', null, null, null);
INSERT INTO L09_CANDIDATO VALUES(3, 'politico', 1, 'Adao', 30, 'Adaozinho','PT');
INSERT INTO L09_CANDIDATO VALUES(4, 'politico', 2, 'Joao', 25, 'Joaozinho','PT');
INSERT INTO L09_CANDIDATO VALUES(5, 'politico', 3, 'Marco', 20, 'Marquinho','PS');
INSERT INTO L09_CANDIDATO VALUES(6, 'politico', 4, 'Paulo', 18, 'Paulinho','PS');
INSERT INTO L09_CANDIDATO VALUES(7, 'politico', 5, 'Ana', 40, 'Aninha','PL');
INSERT INTO L09_CANDIDATO VALUES(8, 'politico', 6, 'Flavia', 45, 'Flavinha','PL');
INSERT INTO L09_CANDIDATO VALUES(9, 'politico', 7, 'Carla', 50, 'Carlinha','PC');
INSERT INTO L09_CANDIDATO VALUES(10, 'politico', 8, 'Joana', 55, 'Joaninha','PC');
INSERT INTO L09_CANDIDATO VALUES(11, 'politico', 9, 'Jose', 60, 'Ze','PT');
INSERT INTO L09_CANDIDATO VALUES(12, 'politico', 10, 'Dirceu', 60, 'Dirceuzinho','PT');
INSERT INTO L09_CANDIDATO VALUES(13, 'politico', 11, 'Valerio', 40, 'Valerioduto','PT');
INSERT INTO L09_CANDIDATO VALUES(14, 'politico', 12, 'Genuino', 35, 'Falsario','PT');
INSERT INTO L09_CANDIDATO VALUES(15, 'politico', 13, 'Alceu', 25, 'Alceuzinho','PS');
INSERT INTO L09_CANDIDATO VALUES(16, 'politico', 14, 'Fabio', 60, 'Fabinho','PS');
INSERT INTO L09_CANDIDATO VALUES(17, 'politico', 15, 'Fernando', 40, 'Fernandinho','PS');
INSERT INTO L09_CANDIDATO VALUES(18, 'politico', 16, 'Guido', 30, 'Mantega','PS');
INSERT INTO L09_CANDIDATO VALUES(19, 'politico', 17, 'Bispo', 25, 'Aleluia','PC');
INSERT INTO L09_CANDIDATO VALUES(20, 'politico', 18, 'Antonio', 35, 'Toninho','PC');
INSERT INTO L09_CANDIDATO VALUES(21, 'politico', 19, 'Laura', 25, 'Laurinha','PC');
INSERT INTO L09_CANDIDATO VALUES(22, 'politico', 20, 'Jana', 30, 'Janinha','PC');
INSERT INTO L09_CANDIDATO VALUES(23, 'politico', 21, 'Tarzan', 40, 'Rei da Selva','PC');
INSERT INTO L09_CANDIDATO VALUES(24, 'politico', 22, 'King', 20, 'Kong','PC');
INSERT INTO L09_CANDIDATO VALUES(25, 'politico', 23 , 'Eva', 45, 'Evita','PL');
INSERT INTO L09_CANDIDATO VALUES(26, 'politico', 24, 'Peron', 20, 'Peroca','PL');
INSERT INTO L09_CANDIDATO VALUES(27, 'politico', 25, 'Shreck', 20, 'I am an ogre!','PL');
INSERT INTO L09_CANDIDATO VALUES(28, 'politico', 26, 'Burro', 40, 'Povo','PL');


INSERT INTO L10_CARGO VALUES(1, 1, 2004, 4, 'Presidente da Republica', 1, 'federal', null, null);
INSERT INTO L10_CARGO VALUES(2, 0, 2004, 8, 'Senador da Republica', 25, 'federal', null, null);
INSERT INTO L10_CARGO VALUES(3, 0, 2004, 4, 'Deputado Federal', 513, 'federal', null, null);
INSERT INTO L10_CARGO VALUES(4, 1, 2004, 4, 'Governador', 1, 'estadual', null, 'SP');
INSERT INTO L10_CARGO VALUES(5, 0, 2004, 4, 'Deputado Estadual', 150, 'estadual', null, 'SP');
INSERT INTO L10_CARGO VALUES(6, 1, 2004, 4, 'Governador', 1, 'estadual', null, 'MG');
INSERT INTO L10_CARGO VALUES(7, 0, 2004, 4, 'Deputado Estadual', 150, 'estadual', null, 'MG');
INSERT INTO L10_CARGO VALUES(8, 1, 2004, 4, 'Prefeito Municipal', 1, 'municipal', 'Sao Carlos', 'SP');
INSERT INTO L10_CARGO VALUES(9, 0, 2004, 4, 'Vereador', 18, 'municipal', 'Sao Carlos', 'SP');
INSERT INTO L10_CARGO VALUES(10, 1, 2004, 4, 'Prefeito Municipal', 1, 'municipal', 'Jau', 'SP');
INSERT INTO L10_CARGO VALUES(11, 0, 2004, 4, 'Vereador', 18, 'municipal', 'Jau', 'SP');
INSERT INTO L10_CARGO VALUES(12, 1, 2004, 4, 'Prefeito Municipal', 1, 'municipal', 'Varzinha', 'MG');
INSERT INTO L10_CARGO VALUES(13, 0, 2004, 4, 'Vereador', 18, 'municipal', 'Varzinha', 'MG');

INSERT INTO L11_CANDIDATURA VALUES(2, 1, 2000, 3, 4);
INSERT INTO L11_CANDIDATURA VALUES(3, 1, 2000, 5, 6);
INSERT INTO L11_CANDIDATURA VALUES(4, 2, 2000, 7, NULL);
INSERT INTO L11_CANDIDATURA VALUES(5, 2, 2000, 8, NULL);
INSERT INTO L11_CANDIDATURA VALUES(6, 2, 2000, 9, NULL);
INSERT INTO L11_CANDIDATURA VALUES(7, 3, 2000, 10, NULL);
INSERT INTO L11_CANDIDATURA VALUES(8, 3, 2000, 11, NULL);
INSERT INTO L11_CANDIDATURA VALUES(9, 3, 2000, 12, NULL);
INSERT INTO L11_CANDIDATURA VALUES(10, 4, 2000, 13, NULL);
INSERT INTO L11_CANDIDATURA VALUES(11, 4, 2000, 14, NULL);
INSERT INTO L11_CANDIDATURA VALUES(12, 4, 2000, 15, NULL);
INSERT INTO L11_CANDIDATURA VALUES(13, 5, 2000, 16, NULL);
INSERT INTO L11_CANDIDATURA VALUES(14, 5, 2000, 17, NULL);
INSERT INTO L11_CANDIDATURA VALUES(15, 5, 2000, 18, NULL);
INSERT INTO L11_CANDIDATURA VALUES(16, 6, 2000, 19, NULL);
INSERT INTO L11_CANDIDATURA VALUES(17, 6, 2000, 20, NULL);
INSERT INTO L11_CANDIDATURA VALUES(18, 6, 2000, 21, NULL);
INSERT INTO L11_CANDIDATURA VALUES(19, 7, 2000, 22, NULL);
INSERT INTO L11_CANDIDATURA VALUES(20, 7, 2000, 23, NULL);
INSERT INTO L11_CANDIDATURA VALUES(21, 7, 2000, 24, NULL);
INSERT INTO L11_CANDIDATURA VALUES(22, 8, 2004, 3, 4);
INSERT INTO L11_CANDIDATURA VALUES(23, 8, 2004, 5, 6);
INSERT INTO L11_CANDIDATURA VALUES(24, 8, 2004, 7, 8);
INSERT INTO L11_CANDIDATURA VALUES(25, 9, 2004, 8, NULL);
INSERT INTO L11_CANDIDATURA VALUES(26, 9, 2004, 9, NULL);
INSERT INTO L11_CANDIDATURA VALUES(27, 9, 2004, 10, NULL);
INSERT INTO L11_CANDIDATURA VALUES(28, 10, 2004, 11, 12);
INSERT INTO L11_CANDIDATURA VALUES(29, 10, 2004, 13, 14);
INSERT INTO L11_CANDIDATURA VALUES(30, 10, 2004, 15, 16);
INSERT INTO L11_CANDIDATURA VALUES(31, 11, 2004, 17, NULL);
INSERT INTO L11_CANDIDATURA VALUES(32, 11, 2004, 18, NULL);
INSERT INTO L11_CANDIDATURA VALUES(33, 11, 2004, 19, NULL);
INSERT INTO L11_CANDIDATURA VALUES(34, 12, 2004, 20, 21);
INSERT INTO L11_CANDIDATURA VALUES(35, 12, 2004, 22, 23);
INSERT INTO L11_CANDIDATURA VALUES(36, 12, 2004, 24, 25);
INSERT INTO L11_CANDIDATURA VALUES(37, 13, 2004, 26, NULL);
INSERT INTO L11_CANDIDATURA VALUES(38, 13, 2004, 27, NULL);
INSERT INTO L11_CANDIDATURA VALUES(39, 13, 2004, 28, NULL);
